data_id,vector,word
441700432288681529,"[0.5369403958320618,0.103502556681633,0.05227990448474884,0.7915340662002563,0.24848663806915283,0.388807475566864,0.2798269987106323,0.08892133086919785,0.8327781558036804,0.8744279146194458,0.92430579662323,0.8911019563674927,0.2924542725086212,0.6511281728744507,0.9817280769348145,0.9662125706672668,0.06277038156986237,0.7617185115814209,0.9257601499557495,0.19403578341007233,0.09545549750328064,0.6600213646888733,0.028639283031225204,0.32060372829437256,0.5416096448898315]",ZnDgCG43tGHrWg3nAiFA4MS6FwWOTB
441700432288681530,"[0.8772915005683899,0.16081449389457703,0.9615410566329956,0.8782907724380493,0.23173178732395172,0.7572346925735474,0.3122454583644867,0.5297756195068359,0.4101789891719818,0.5775981545448303,0.21754559874534607,0.6823265552520752,0.10510033369064331,0.014465298503637314,0.9094829559326172,0.9591647386550903,0.38788384199142456,0.9750896096229553,0.4350471496582031,0.4896976947784424,0.4264712929725647,0.39036208391189575,0.8930741548538208,0.852354109287262,0.30333107709884644]",PH8bDHQvQ4cqtyJuri5QfnjN3Kjtx4
441700432288681531,"[0.1264667510986328,0.23528516292572021,0.009922279976308346,0.5218228697776794,0.6128393411636353,0.3002326786518097,0.519573986530304,0.14483319222927094,0.3244438171386719,0.38989758491516113,0.15337587893009186,0.9790416359901428,0.4661049544811249,0.9570961594581604,0.9887933135032654,0.6066858172416687,0.6804822683334351,0.3261893391609192,0.759636640548706,0.8508284687995911,0.8908214569091797,0.8798054456710815,0.4359421133995056,0.19725272059440613,0.33584797382354736]",1VjZSAq5Pzmucfw6P4ywSXF8lor4L4
441700432288681532,"[0.2772623896598816,0.632804274559021,0.1714935004711151,0.5305864810943604,0.7487760782241821,0.8194360733032227,0.2812674343585968,0.9505211114883423,0.36445412039756775,0.09683331102132797,0.18792611360549927,0.8415403366088867,0.33126017451286316,0.17628677189350128,0.06400685757398605,0.8148994445800781,0.5304719805717468,0.04301242530345917,0.7654076218605042,0.31809288263320923,0.3827289342880249,0.9834185838699341,0.2575173079967499,0.36384665966033936,0.5275935530662537]",eBp81878QmC3Bgvl6eTRBYS3OnakYA
441700432288681533,"[0.625838041305542,0.7187397480010986,0.17007413506507874,0.9160653948783875,0.8765119314193726,0.06074369326233864,0.08897483348846436,0.6351955533027649,0.0596599243581295,0.07457420229911804,0.3105345070362091,0.655708909034729,0.5106678605079651,0.05656446889042854,0.876749575138092,0.12869367003440857,0.3602888286113739,0.6640004515647888,0.7084954380989075,0.9752933979034424,0.012246884405612946,0.5047072768211365,0.05809289962053299,0.08961041271686554,0.8357336521148682]",hp4ZBfZ3CsD4JMQxTqso1IsDGHqVCA
441700432288681534,"[0.26621130108833313,0.4214121401309967,0.03003646805882454,0.7025529146194458,0.8802949786186218,0.5887655019760132,0.8503325581550598,0.721219539642334,0.8410829901695251,0.5451560020446777,0.6106479167938232,0.5232829451560974,0.794381856918335,0.3288003206253052,0.019860459491610527,0.30728578567504883,0.03747096657752991,0.9494072794914246,0.6401781439781189,0.40641894936561584,0.17547021806240082,0.3974135220050812,0.9338662028312683,0.6100667715072632,0.46998608112335205]",keC9RrnKDanhWB3OGjhGbY4D26Cwyr
441700432288681535,"[0.8265140652656555,0.1367981731891632,0.2360754907131195,0.6879894137382507,0.6435449123382568,0.9297879934310913,0.001039897557348013,0.9605947732925415,0.2718230187892914,0.5150958299636841,0.6972578167915344,0.4109044373035431,0.21601508557796478,0.44293299317359924,0.2338598370552063,0.5106061697006226,0.9157291054725647,0.9891992211341858,0.25734928250312805,0.4495215117931366,0.9120368957519531,0.8822075724601746,0.11443770676851273,0.235441654920578,0.5569903254508972]",4DVzUfY2TuleBIaBZCkS2F6aSBKGsB
441700432288681536,"[0.3253049850463867,0.6880059242248535,0.0019354685209691525,0.40530380606651306,0.4101670980453491,0.004010327160358429,0.7836148142814636,0.19460010528564453,0.5214242339134216,0.3492203950881958,0.3966924846172333,0.5890408158302307,0.9183559417724609,0.2540011703968048,0.44980260729789734,0.10858263820409775,0.9442213177680969,0.9500219821929932,0.33895042538642883,0.481523722410202,0.11980976909399033,0.10928350687026978,0.6264651417732239,0.9908501505851746,0.006021661683917046]",u9NtYmmUVXLuNuvOccgSkl94EtNyJl
441700432288681537,"[0.5583831071853638,0.9232574701309204,0.883255660533905,0.30122295022010803,0.2871134281158447,0.11803366243839264,0.9450731873512268,0.298873633146286,0.08981557935476303,0.9823344349861145,0.2297135442495346,0.37439125776290894,0.17816558480262756,0.2804315388202667,0.411953330039978,0.33649343252182007,0.24476087093353271,0.49650120735168457,0.8461269736289978,0.4932994544506073,0.0973953902721405,0.43450748920440674,0.3553676903247833,0.10865666717290878,0.3378676176071167]",yy21MtHxMYAK16Mjovbsq2wXdlcPu3
441700432288681538,"[0.29254651069641113,0.40601131319999695,0.3617486357688904,0.18311084806919098,0.47444701194763184,0.8126887679100037,0.152202308177948,0.3543252646923065,0.9599921107292175,0.9984274506568909,0.3729311525821686,0.04372282698750496,0.8899882435798645,0.22194300591945648,0.5380843281745911,0.15907974541187286,0.3029698133468628,0.8843763470649719,0.33813416957855225,0.7624345421791077,0.04816420003771782,0.19704759120941162,0.8134990930557251,0.3798213601112366,0.8853351473808289]",JqvKlfzpokTg3uUmZtTEMQor81eB0f
441700432288681539,"[0.1956109255552292,0.24366992712020874,0.49693959951400757,0.8785215020179749,0.0715835765004158,0.8159303665161133,0.2408910095691681,0.3075159788131714,0.3343464434146881,0.8630154132843018,0.7438470125198364,0.3523034155368805,0.030134664848446846,0.6064330339431763,0.031713198870420456,0.6248979568481445,0.41913437843322754,0.06329332292079926,0.6598421335220337,0.10657985508441925,0.4721625745296478,0.8364399075508118,0.21481724083423615,0.5506122708320618,0.882495105266571]",YvwK52F2AMOTCbKCqrNfSKPkN5fokt
441700432288681540,"[0.41722288727760315,0.014320353046059608,0.1959487646818161,0.901944637298584,0.3450813889503479,0.32663846015930176,0.9906100034713745,0.8634887337684631,0.38819411396980286,0.9225515723228455,0.9433708786964417,0.47425729036331177,0.21878382563591003,0.46983447670936584,0.23439568281173706,0.35245203971862793,0.5438774824142456,0.9285763502120972,0.6339544057846069,0.10970751196146011,0.7707543969154358,0.267292320728302,0.5599702596664429,0.4310135543346405,0.3001006543636322]",YSALEiZGOXLb98ojVJJ6gxKxGPTePl
441700432288681541,"[0.8491497039794922,0.3641657829284668,0.010746660642325878,0.7941189408302307,0.6459347605705261,0.3836277723312378,0.20268583297729492,0.31743717193603516,0.47473037242889404,0.30826741456985474,0.7226583361625671,0.8322561979293823,0.35757961869239807,0.23820099234580994,0.9562310576438904,0.045047491788864136,0.6077036261558533,0.9884416460990906,0.83540278673172,0.05717756226658821,0.5132071375846863,0.32216188311576843,0.017703989520668983,0.4726921617984772,0.9995386004447937]",X1eBLjqgMGkuOwy8ZNaYc2S4ytPr9K
441700432288681542,"[0.5995855927467346,0.21771329641342163,0.9069254994392395,0.2324511855840683,0.48221585154533386,0.12933270633220673,0.02548663131892681,0.9254438877105713,0.6437956690788269,0.016088878735899925,0.9287084937095642,0.49708205461502075,0.8692682385444641,0.764909565448761,0.33653345704078674,0.33470937609672546,0.0046666874550282955,0.47129765152931213,0.8930694460868835,0.11621838808059692,0.29629942774772644,0.391281396150589,0.4548328220844269,0.5576254725456238,0.20408865809440613]",JuoVLMX0ZxvO1xqXMSz0SPlxP460VS
441700432288681543,"[0.884604811668396,0.331903338432312,0.45079562067985535,0.9034521579742432,0.2862280309200287,0.9482038617134094,0.27844178676605225,0.9941841959953308,0.6061232089996338,0.42178380489349365,0.09740149229764938,0.4001363515853882,0.8962262272834778,0.9508455395698547,0.40108901262283325,0.9551475644111633,0.5518919229507446,0.39477109909057617,0.3732561767101288,0.9776701927185059,0.9066939949989319,0.33921483159065247,0.7912432551383972,0.4167865514755249,0.3117849826812744]",6TxSocZutON6cxIjNk4Xr8kqYBMYzD
441700432288681544,"[0.4325443208217621,0.4506291151046753,0.14066293835639954,0.9935279488563538,0.49117252230644226,0.8463651537895203,0.7299807071685791,0.6971355676651001,0.8307615518569946,0.44129300117492676,0.8777438998222351,0.7624979615211487,0.6874621510505676,0.9855217337608337,0.4443747103214264,0.9952746033668518,0.36943313479423523,0.5220582485198975,0.6574094891548157,0.11883570998907089,0.865456759929657,0.21300864219665527,0.446147620677948,0.6318775415420532,0.9135671854019165]",ZaruOmw2qqqEvyAj6jrtd1Tr818KFM
441700432288681545,"[0.6289522051811218,0.4306013584136963,0.33365315198898315,0.8492987155914307,0.38062965869903564,0.11332865059375763,0.49239861965179443,0.3574736416339874,0.7366370558738708,0.04958831146359444,0.0848211795091629,0.46570295095443726,0.9268450140953064,0.806986391544342,0.8041460514068604,0.8352673053741455,0.4948078989982605,0.5138914585113525,0.4527488350868225,0.5213064551353455,0.38292235136032104,0.7338407635688782,0.40339311957359314,0.04074333235621452,0.8480390906333923]",gyL7LqA9FrS4xIvL8wmyBhnn17iRz5
441700432288681546,"[0.5326141715049744,0.41454172134399414,0.9611366987228394,0.564261794090271,0.7780266404151917,0.16405950486660004,0.722320556640625,0.841316282749176,0.18173471093177795,0.9299310445785522,0.9307358264923096,0.8431382179260254,0.7347696423530579,0.4201483726501465,0.8371776342391968,0.2678776979446411,0.09731215983629227,0.9296203255653381,0.7195040583610535,0.8167290091514587,0.004319477826356888,0.28197652101516724,0.6544713973999023,0.4035249352455139,0.6030088067054749]",fHknkU8uDJnykisSRpj4Liu4k0LJPl
441700432288681547,"[0.23712383210659027,0.5726461410522461,0.25527727603912354,0.5257934927940369,0.6558151841163635,0.8778040409088135,0.6708148717880249,0.07999221980571747,0.47075220942497253,0.7641813158988953,0.5508455038070679,0.8809532523155212,0.8268982768058777,0.5838698744773865,0.2318953573703766,0.26507267355918884,0.02067309431731701,0.31036269664764404,0.4936535656452179,0.379196435213089,0.1857152283191681,0.4124123156070709,0.12982766330242157,0.935596764087677,0.31809014081954956]",um9u5v1LeN4wtWgibIqlQ2YQm8ofNO
441700432288681548,"[0.553683340549469,0.35662412643432617,0.6382356286048889,0.5442196726799011,0.06111385300755501,0.6809037923812866,0.30245983600616455,0.8044307231903076,0.9458628296852112,0.09643067419528961,0.9275658130645752,0.3974786400794983,0.04054743051528931,0.559186577796936,0.5231646299362183,0.2228643000125885,0.9092696309089661,0.5249014496803284,0.6672534942626953,0.0694223940372467,0.29596221446990967,0.7045838832855225,0.4589686989784241,0.22001905739307404,0.08968164771795273]",Xm5om0GbGI2BHCa7dbC85kKuW6h9Wb
441700432288681549,"[0.510094940662384,0.7538061141967773,0.03587106242775917,0.5946280360221863,0.3788771629333496,0.5002426505088806,0.13350138068199158,0.9506730437278748,0.7211605906486511,0.1857016533613205,0.4736135005950928,0.2548205852508545,0.135344997048378,0.4029468297958374,0.8044589161872864,0.9808557629585266,0.2220461368560791,0.0155392587184906,0.5203538537025452,0.25877484679222107,0.8104730844497681,0.08434589207172394,0.059710126370191574,0.3355845510959625,0.8344579339027405]",AfDf1zpyHwQ0hJpocTCs4h7vimhOqQ
441700432288681550,"[0.9634792804718018,0.09896751493215561,0.9554070234298706,0.8038643598556519,0.33607083559036255,0.3076941668987274,0.38048261404037476,0.08094969391822815,0.7510249018669128,0.23852752149105072,0.807060718536377,0.40864473581314087,0.08602114766836166,0.5276060104370117,0.5450208187103271,0.5288130640983582,0.3686958849430084,0.842328667640686,0.8460660576820374,0.6232377886772156,0.18027357757091522,0.4595434367656708,0.752659022808075,0.43544039130210876,0.09003397822380066]",4k4S5twy1X5toBjBeENRVJLqxsVet5
441700432288681551,"[0.3642146587371826,0.7802141308784485,0.8904840350151062,0.9272758960723877,0.2687385380268097,0.1759929060935974,0.800686776638031,0.4283127188682556,0.517731785774231,0.11544179171323776,0.9102219939231873,0.74392169713974,0.8011749386787415,0.8781762719154358,0.8674079179763794,0.951474666595459,0.38925138115882874,0.08468633890151978,0.8535696864128113,0.17630861699581146,0.5466246008872986,0.16634637117385864,0.2644160985946655,0.05951087549328804,0.7674103379249573]",kLsGvbxX9kldLmdLfWER592rJh1C3r
441700432288681552,"[0.6649794578552246,0.7431718707084656,0.773499608039856,0.9722451567649841,0.13236166536808014,0.7760753631591797,0.9422547817230225,0.3411427140235901,0.23183472454547882,0.2523147165775299,0.2054378092288971,0.7394392490386963,0.3229386508464813,0.28012725710868835,0.7310430407524109,0.3744758069515228,0.6562666296958923,0.06379495561122894,0.2552093267440796,0.27509212493896484,0.06553447991609573,0.4068357050418854,0.9965847134590149,0.9051585793495178,0.6913815140724182]",9u2lKaXT2uYDG34Bk1EWg6BMjqRwqY
441700432288681553,"[0.537414014339447,0.09476851671934128,0.8033365607261658,0.41766199469566345,0.7545316219329834,0.5668947696685791,0.11247030645608902,0.26699814200401306,0.9375123381614685,0.5816786289215088,0.8999994397163391,0.50273597240448,0.857004702091217,0.683129072189331,0.7978476881980896,0.01746218279004097,0.9543353319168091,0.5821961760520935,0.9626286625862122,0.8169489502906799,0.8126689195632935,0.8673185110092163,0.8988893032073975,0.581004798412323,0.4748077392578125]",SfdfESOJysdqxHmqNM1vCVrrqht5iL
441700432288681554,"[0.008935540914535522,0.46009770035743713,0.799787700176239,0.5506064891815186,0.27789175510406494,0.3140788674354553,0.8813979625701904,0.9545084834098816,0.4691470265388489,0.860002338886261,0.16721194982528687,0.6462653279304504,0.9979464411735535,0.6061176061630249,0.32698559761047363,0.8283560276031494,0.05854887142777443,0.4089449346065521,0.662041187286377,0.9511486291885376,0.4785161316394806,0.7439707517623901,0.4521256387233734,0.9630094766616821,0.5869688987731934]",FlNZZoitVlDoo6rjIs50xOnUfmBuyG
441700432288681555,"[0.055081699043512344,0.11519921571016312,0.19675327837467194,0.23765112459659576,0.7532843351364136,0.2441624104976654,0.28058943152427673,0.534399151802063,0.3344563841819763,0.6743430495262146,0.6796417832374573,0.1453036218881607,0.44782495498657227,0.5859376192092896,0.7160832285881042,0.799298882484436,0.7939826846122742,0.6054745316505432,0.28354668617248535,0.8082102537155151,0.7211788892745972,0.3109072744846344,0.6502307653427124,0.07898460328578949,0.14044447243213654]",0u5CuBpeR1kTzQ4Lnj2ckvQdg4zk4B
441700432288681556,"[0.20564506947994232,0.5582966208457947,0.2503502368927002,0.5160030722618103,0.30109816789627075,0.8230969905853271,0.5865974426269531,0.45879414677619934,0.7650084495544434,0.2770824432373047,0.9181385636329651,0.4319191873073578,0.1781962662935257,0.6196092367172241,0.7939888834953308,0.458924800157547,0.6732118129730225,0.2195349782705307,0.45989084243774414,0.7614738345146179,0.24803370237350464,0.2613196074962616,0.8120847344398499,0.3425074517726898,0.743018388748169]",riJUVyPrBCfZxx4XwSJnvryyLEQyFW
441700432288681557,"[0.7036341428756714,0.549374520778656,0.9421381950378418,0.705481767654419,0.6794410943984985,0.004167687147855759,0.30976617336273193,0.46992138028144836,0.7428542971611023,0.2815222144126892,0.11626624315977097,0.7715088725090027,0.0626504197716713,0.41159483790397644,0.03950696438550949,0.16504386067390442,0.12255814671516418,0.2542387843132019,0.10738638043403625,0.9695150256156921,0.5276331305503845,0.9972435832023621,0.603446364402771,0.8322978615760803,0.26229166984558105]",MG678ULSaPweIBTti95UAM6X92Je43
441700432288681558,"[0.1651224046945572,0.48962363600730896,0.5331987142562866,0.7272453904151917,0.14282764494419098,0.17462393641471863,0.514639675617218,0.2429945021867752,0.2985321283340454,0.211823970079422,0.3523215353488922,0.19475989043712616,0.06459242105484009,0.5747660994529724,0.04013592377305031,0.9698668122291565,0.20254239439964294,0.5559523701667786,0.4435909688472748,0.2977837026119232,0.8530082702636719,0.02046198584139347,0.12313660979270935,0.3401656448841095,0.3551126718521118]",el40OFIeyTihVJWaHUeccP0n0i5I2k
441700432288681559,"[0.8362042307853699,0.2254447340965271,0.19988702237606049,0.9644210338592529,0.422181099653244,0.6121280193328857,0.6326954960823059,0.29233258962631226,0.26560136675834656,0.7679299116134644,0.03755421191453934,0.9965747594833374,0.3980175852775574,0.3179262578487396,0.11623349040746689,0.8406429886817932,0.6193484663963318,0.5640403032302856,0.4002370238304138,0.4440370202064514,0.744606077671051,0.30178672075271606,0.9133212566375732,0.7601889967918396,0.12764334678649902]",pMZIMZFa0JtbRKR36iWyQ6wU2o4rD7
441700432288681560,"[0.8006502389907837,0.0664382204413414,0.8825089931488037,0.4436084032058716,0.0606720857322216,0.08998268097639084,0.005077493377029896,0.8773362636566162,0.3629208505153656,0.8384327292442322,0.2563032805919647,0.5406205654144287,0.5971452593803406,0.04191328212618828,0.3697778880596161,0.718116283416748,0.3289439380168915,0.13769814372062683,0.652481198310852,0.03793305903673172,0.8942567706108093,0.12342368811368942,0.9430996179580688,0.849254846572876,0.506521999835968]",ZnTPtCMzB1tSvYRm9YL0nxXwyrMwLh
441700432288681561,"[0.6251119375228882,0.6370598673820496,0.47994464635849,0.17943346500396729,0.9673766493797302,0.341716468334198,0.5743303298950195,0.991658091545105,0.3199245035648346,0.05924065411090851,0.6521773338317871,0.5886950492858887,0.9885424971580505,0.41563689708709717,0.35785219073295593,0.6068475842475891,0.9092096090316772,0.6928055286407471,0.6921699047088623,0.8519960641860962,0.11748652905225754,0.33221298456192017,0.48289158940315247,0.4158675968647003,0.3091413080692291]",6BiUGZYbErfF96n1Z20Z153HZxqJoJ
441700432288681562,"[0.6953849792480469,0.15981361269950867,0.6798039674758911,0.15918226540088654,0.09785826504230499,0.9838943481445312,0.6481439471244812,0.9853672385215759,0.8670638203620911,0.5362433791160583,0.19864456355571747,0.07862874120473862,0.9420398473739624,0.6418630480766296,0.4320198595523834,0.4108184278011322,0.8479883670806885,0.33521974086761475,0.8128258585929871,0.7408608198165894,0.14325359463691711,0.0930371806025505,0.1391841620206833,0.4115854799747467,0.44726112484931946]",2zSCwLZoAd1uJpgSi7khy1SZDvtgaF
441700432288681563,"[0.15210942924022675,0.39013364911079407,0.3824973404407501,0.40804749727249146,0.10924435406923294,0.7447643280029297,0.47441980242729187,0.2257288694381714,0.18110446631908417,0.8082224130630493,0.08203326910734177,0.16709983348846436,0.256281316280365,0.8992347121238708,0.005340296309441328,0.6667004227638245,0.19845516979694366,0.6061009168624878,0.8888258337974548,0.49313485622406006,0.6088991165161133,0.8295488357543945,0.4809087812900543,0.24108047783374786,0.006050023715943098]",v0bAXCX1joNIOaL6S3uoLbm4TkdDax
441700432288681564,"[0.1115482747554779,0.3691275715827942,0.25605249404907227,0.5449255108833313,0.15514825284481049,0.3242286443710327,0.21576908230781555,0.20958761870861053,0.200219064950943,0.6957666277885437,0.5123893022537231,0.5608307719230652,0.4587584137916565,0.3994811177253723,0.31029024720191956,0.1470409631729126,0.45475828647613525,0.2157021015882492,0.5579570531845093,0.002613511634990573,0.923075258731842,0.533699095249176,0.4373459815979004,0.5793508887290955,0.04737043008208275]",hY3kRkQ7NFHAJVc92rqrJSgKR98ASb
441700432288681565,"[0.40138474106788635,0.9986729621887207,0.4292341470718384,0.09918076545000076,0.538982629776001,0.04365427419543266,0.4557236433029175,0.389499306678772,0.4000881314277649,0.8143949508666992,0.341505765914917,0.3654622733592987,0.7130395770072937,0.023350946605205536,0.8640373349189758,0.492349237203598,0.7073285579681396,0.45182880759239197,0.38554391264915466,0.6044207215309143,0.11391256749629974,0.5977861881256104,0.33110448718070984,0.3941536843776703,0.38849201798439026]",9tOZuC7dRH7IhOhuTl6nzOLs2n4nfI
441700432288681566,"[0.6254570484161377,0.1668693572282791,0.6219497919082642,0.7475123405456543,0.0075334468856453896,0.3867175281047821,0.77436763048172,0.21642835438251495,0.9826745986938477,0.17760001122951508,0.4298571050167084,0.2572232484817505,0.5847682356834412,0.8739240169525146,0.8325253129005432,0.2320564091205597,0.32021650671958923,0.5301409959793091,0.13890457153320312,0.028335528448224068,0.2873542904853821,0.5050231218338013,0.8106540441513062,0.871379554271698,0.4739801287651062]",TmjFA5Gl3dbl9QSIv9lJr0xyo0lNko
441700432288681567,"[0.3534286618232727,0.23590406775474548,0.04899236559867859,0.9568880200386047,0.6004719138145447,0.5259780883789062,0.5210781693458557,0.34399405121803284,0.6626539826393127,0.8120274543762207,0.37226417660713196,0.5629796981811523,0.21986830234527588,0.6959547996520996,0.392490029335022,0.4217550456523895,0.2835504114627838,0.058800362050533295,0.5010334253311157,0.48358917236328125,0.7442132830619812,0.2672356963157654,0.40776556730270386,0.586259663105011,0.22779783606529236]",W5FqMABWb4tfQNMxEg3GW2tXN2SWLi
441700432288681568,"[0.4787127673625946,0.9381572008132935,0.689685583114624,0.6386446952819824,0.5170462727546692,0.5629299283027649,0.9101885557174683,0.2701256573200226,0.89089435338974,0.10371813178062439,0.0872422382235527,0.00041928800055757165,0.4762026369571686,0.3385150730609894,0.2418203502893448,0.4047776460647583,0.5350325107574463,0.16459986567497253,0.1079929769039154,0.5042024254798889,0.11460477113723755,0.6039009094238281,0.5875287055969238,0.5980867743492126,0.4623158574104309]",62Mp1KerNPN5wsvOuhdzbHveoAEMKn
441700432288681569,"[0.18241126835346222,0.16776664555072784,0.9888859987258911,0.44884273409843445,0.9170525670051575,0.7723225951194763,0.18158972263336182,0.38878029584884644,0.1747935265302658,0.22096210718154907,0.7949976921081543,0.467385470867157,0.7354298830032349,0.7793688774108887,0.009215769357979298,0.800993800163269,0.34829801321029663,0.763234555721283,0.6247495412826538,0.3222895860671997,0.2718346416950226,0.8235891461372375,0.3473169505596161,0.8982568383216858,0.3663005828857422]",Zib6BIcVxvD2Mo4bCqDbWVAUMyqXFq
441700432288681570,"[0.6870254278182983,0.8155574798583984,0.2625714838504791,0.36817988753318787,0.20517052710056305,0.37340620160102844,0.3484722673892975,0.7214848399162292,0.9874367713928223,0.07182899862527847,0.7855745553970337,0.3668150305747986,0.915503203868866,0.06143578514456749,0.5182984471321106,0.5151420831680298,0.31814125180244446,0.6935879588127136,0.031292665749788284,0.955963671207428,0.9234451055526733,0.984119176864624,0.053477536886930466,0.5412129759788513,0.9696598649024963]",WCHHmrdgX9sVOqjKJiiGqG5B5tUDnm
441700432288681571,"[0.18531180918216705,0.929186999797821,0.5942631363868713,0.2087651789188385,0.4289000928401947,0.7081116437911987,0.5193905234336853,0.8527456521987915,0.14936119318008423,0.3612876832485199,0.13903670012950897,0.0011493562487885356,0.9156752824783325,0.3114618957042694,0.036012254655361176,0.4126962721347809,0.8009635806083679,0.7311424016952515,0.6907063722610474,0.3668842613697052,0.5560334324836731,0.9341658353805542,0.54068922996521,0.007418441120535135,0.015393916517496109]",hSeV4pLrkLuKM2EEueb7aORvfhyqRH
441700432288681572,"[0.41062939167022705,0.5079691410064697,0.6287298798561096,0.7893640995025635,0.15964284539222717,0.9760675430297852,0.04735516011714935,0.05878865346312523,0.6227812170982361,0.7947847247123718,0.957821786403656,0.6061206459999084,0.6172488927841187,0.6272711157798767,0.030670668929815292,0.9437221884727478,0.03477025032043457,0.4908166527748108,0.8343821167945862,0.06325766444206238,0.7773724794387817,0.9416937828063965,0.6831725239753723,0.624443531036377,0.7894302606582642]",V6SRCZdgcLSnQu55slcuszUEhi5pIM
441700432288681573,"[0.2687983810901642,0.8869777321815491,0.9862918257713318,0.8968238830566406,0.3910800814628601,0.32775184512138367,0.5419773459434509,0.2896990180015564,0.3610871434211731,0.42318660020828247,0.432427316904068,0.10042430460453033,0.5820803642272949,0.2674811780452728,0.6311325430870056,0.851528525352478,0.5182253122329712,0.45613935589790344,0.8892929553985596,0.03324122726917267,0.04610775411128998,0.46793633699417114,0.5124293565750122,0.2600148618221283,0.37767598032951355]",7m5IGSaXJKZ6MFAbfujpT8wRvyKpkr
441700432288681574,"[0.5546087622642517,0.8830275535583496,0.826837956905365,0.7701895236968994,0.5986910462379456,0.1279265284538269,0.9854652285575867,0.10892245173454285,0.7802484035491943,0.35994821786880493,0.6525560617446899,0.6419537663459778,0.822684645652771,0.7216072082519531,0.6458010673522949,0.2737995684146881,0.13522490859031677,0.9879544377326965,0.225242480635643,0.19985079765319824,0.0819641500711441,0.37550297379493713,0.3480246365070343,0.5488888621330261,0.5995480418205261]",Dgj2REA2CsyQBqp1ngS6BuIuCim05T
441700432288681575,"[0.49518176913261414,0.60929936170578,0.16305729746818542,0.5923515558242798,0.0663512572646141,0.28365275263786316,0.050912659615278244,0.35696864128112793,0.09873918443918228,0.5642529726028442,0.835243284702301,0.4215558171272278,0.4762530028820038,0.3687949478626251,0.05552532151341438,0.5774781703948975,0.49575960636138916,0.9174404144287109,0.48164498805999756,0.7981327176094055,0.9209622740745544,0.6505768895149231,0.03641310706734657,0.2276521474123001,0.16814018785953522]",VminjZST0AZPwNdzkqlirgvCtlDbg1
441700432288681576,"[0.37751129269599915,0.6433992385864258,0.19813048839569092,0.13674518465995789,0.9592740535736084,0.2666497826576233,0.10152896493673325,0.5983484983444214,0.7837647795677185,0.22400765120983124,0.09799086302518845,0.32212406396865845,0.809739887714386,0.8873348832130432,0.4349936544895172,0.13702626526355743,0.03138617053627968,0.7179179787635803,0.6026238203048706,0.7829087972640991,0.16047918796539307,0.22653494775295258,0.7433149218559265,0.8788303732872009,0.7173453569412231]",0nktyY0sWmz92WdMMJyxMWyFIeqnW0
441700432288681577,"[0.6269717216491699,0.2405950129032135,0.3314872682094574,0.5752301216125488,0.21804165840148926,0.7401126623153687,0.6483051776885986,0.37971407175064087,0.17969940602779388,0.4936605989933014,0.752594530582428,0.8696774840354919,0.8890366554260254,0.36634355783462524,0.804107129573822,0.5575093030929565,0.29349756240844727,0.7521588802337646,0.8010182976722717,0.8179759979248047,0.6725613474845886,0.7674006819725037,0.8284034132957458,0.32688942551612854,0.6307653188705444]",CWO0ijxYvk5YtPcndx9Qf0BhJkVuG2
441700432288681578,"[0.7102208733558655,0.2011599987745285,0.7166576385498047,0.9882605671882629,0.07500474154949188,0.6124432682991028,0.9290804266929626,0.39655840396881104,0.9550763964653015,0.7598688006401062,0.5604457259178162,0.4155886471271515,0.8792738914489746,0.6986067295074463,0.7720456719398499,0.9571358561515808,0.5404139161109924,0.4417198896408081,0.4738144278526306,0.8473647832870483,0.41817209124565125,0.04531451687216759,0.5994006395339966,0.5453720092773438,0.5029968619346619]",T58QKZC1hAL5NUGoHPGjm59VevWB9R
441700432288681579,"[0.5783308744430542,0.364579975605011,0.9013469219207764,0.7547261118888855,0.19724036753177643,0.6333889365196228,0.39887702465057373,0.5386222004890442,0.9790576696395874,0.8255036473274231,0.4148329794406891,0.5170128345489502,0.3355390727519989,0.20456407964229584,0.3859233856201172,0.7512866854667664,0.7771162390708923,0.46248859167099,0.28989553451538086,0.8479601144790649,0.08638125658035278,0.26482850313186646,0.6063045263290405,0.9945093393325806,0.5914411544799805]",jjhnBH0Uq0vffwToWU1h6wWHl5IeK0
441700432288681580,"[0.5818440318107605,0.6667733192443848,0.19010889530181885,0.40147876739501953,0.24540917575359344,0.870922863483429,0.7820439338684082,0.6318106055259705,0.8843666911125183,0.48330429196357727,0.3897184133529663,0.11566305160522461,0.9079212546348572,0.9584662914276123,0.13948407769203186,0.858504056930542,0.454328715801239,0.6480299234390259,0.31346601247787476,0.20509251952171326,0.21021120250225067,0.053167231380939484,0.6488558650016785,0.5032343864440918,0.9039595127105713]",8G7NJS5byEjIKNOZV9DpzdOyz2Pcc8
441700432288681581,"[0.029760275036096573,0.7414626479148865,0.7539713978767395,0.6354011297225952,0.8437281250953674,0.06378452479839325,0.7804739475250244,0.5176897644996643,0.46139898896217346,0.019812460988759995,0.40629518032073975,0.8878673911094666,0.2502903640270233,0.23082955181598663,0.47680890560150146,0.6157227754592896,0.7720736265182495,0.7301900386810303,0.603697657585144,0.42993178963661194,0.853563666343689,0.6090432405471802,0.8813804984092712,0.9525339007377625,0.5809007287025452]",LzbjYEkUQ1wK0lbkAPG9OLFgPtv07P
441700432288681582,"[0.5886805653572083,0.6302884817123413,0.45623138546943665,0.20065926015377045,0.9853809475898743,0.9884166717529297,0.5043985247612,0.03186052665114403,0.32694336771965027,0.5393456220626831,0.6867961287498474,0.6023768782615662,0.5064063668251038,0.46500498056411743,0.09194229543209076,0.36665239930152893,0.2698485851287842,0.1379353106021881,0.5239213705062866,0.8386650681495667,0.8745189309120178,0.08549608290195465,0.10512063652276993,0.9558119773864746,0.8773088455200195]",fHcMj3LYHHZx9LzUwcsOErbss8kpNb
441700432288681583,"[0.5804904699325562,0.36415335536003113,0.7212012410163879,0.6783395409584045,0.1714896261692047,0.8616954684257507,0.5672604441642761,0.539401650428772,0.5618428587913513,0.16900290548801422,0.10770782828330994,0.8254196643829346,0.6247264742851257,0.3387247323989868,0.7226727604866028,0.8856395483016968,0.5581564903259277,0.8053935170173645,0.9061119556427002,0.7976293563842773,0.7978495359420776,0.22861447930335999,0.16776977479457855,0.7222217917442322,0.11353785544633865]",5DN3LEnRr4VNearLQhHaDESzRraGG0
441700432288681584,"[0.941977858543396,0.653461754322052,0.7360789775848389,0.39474207162857056,0.0022095264866948128,0.5477676391601562,0.5697128772735596,0.4100845456123352,0.5083610415458679,0.7961710691452026,0.6933603286743164,0.36140552163124084,0.9880481958389282,0.7490135431289673,0.043517861515283585,0.8565352559089661,0.45627185702323914,0.3807496726512909,0.48961156606674194,0.2863014042377472,0.693560779094696,0.6683611273765564,0.5298835635185242,0.789259672164917,0.05674198269844055]",3WMvQBajSocGJgJKFrqEZD6ImzHC5B
441700432288681585,"[0.8923037052154541,0.5829198956489563,0.6789274215698242,0.3829428255558014,0.7643435001373291,0.6133087873458862,0.3438957929611206,0.004563422873616219,0.44358518719673157,0.6016057729721069,0.575346052646637,0.05705786123871803,0.0862310603260994,0.015388144180178642,0.42864125967025757,0.300937682390213,0.6584630608558655,0.6662237048149109,0.2993675768375397,0.6555028557777405,0.32005056738853455,0.17898474633693695,0.09056787937879562,0.687775194644928,0.6437385082244873]",QgvQ2vOkgz3ZkxdXso6vAuoyMN7TT2
441700432288681586,"[0.6393176317214966,0.9857136607170105,0.14240962266921997,0.82875657081604,0.6506889462471008,0.6002037525177002,0.661346971988678,0.576698362827301,0.6800728440284729,0.72182697057724,0.7374256253242493,0.8771792650222778,0.9687338471412659,0.7959905862808228,0.4287694990634918,0.7850554585456848,0.9634495377540588,0.8926314115524292,0.535531222820282,0.050635382533073425,0.753852903842926,0.8482027053833008,0.9810810089111328,0.8238362073898315,0.21665515005588531]",00l4Z8UBeYyRtY94qUfzUOot09D8e7
441700432288681587,"[0.482035756111145,0.1432243138551712,0.30801117420196533,0.8719952702522278,0.8781920075416565,0.52567058801651,0.5286089181900024,0.7358418107032776,0.39560607075691223,0.5781643986701965,0.9057794809341431,0.14098183810710907,0.9104505777359009,0.48321446776390076,0.4855126142501831,0.3246418535709381,0.7560214996337891,0.5400737524032593,0.9614397883415222,0.032957252115011215,0.2244759500026703,0.11628224700689316,0.31144195795059204,0.08463004231452942,0.3366260528564453]",5CleXZ22HkW9USZlLh0ucc15XDu18P
441700432288681588,"[0.09414127469062805,0.6052438020706177,0.3808138370513916,0.11865447461605072,0.8535194993019104,0.21109747886657715,0.11722754687070847,0.6254774928092957,0.5677603483200073,0.37361568212509155,0.34370535612106323,0.9544926881790161,0.9728147387504578,0.295891672372818,0.5923854112625122,0.42561671137809753,0.7453801035881042,0.206948384642601,0.9515722393989563,0.7556191682815552,0.5123080611228943,0.20462435483932495,0.7045783996582031,0.5268385410308838,0.9275109767913818]",JgBLJPxjnZmAd7EjUd3AsKC5nYfsbK
441700432288681589,"[0.9041319489479065,0.24259305000305176,0.05090783163905144,0.7915540933609009,0.7971140146255493,0.006671312730759382,0.8140554428100586,0.650939404964447,0.7478077411651611,0.7698255777359009,0.6028037071228027,0.5958167314529419,0.4861869215965271,0.06372391432523727,0.3590151369571686,0.5007703304290771,0.5820298790931702,0.834219217300415,0.7473419904708862,0.699809193611145,0.32767048478126526,0.28131160140037537,0.09890377521514893,0.5814006328582764,0.644406795501709]",5WFZrHXMIvLJ4qZgWHlUx5RfH81MBP
441700432288681590,"[0.5759502649307251,0.6686120629310608,0.4190409481525421,0.08911476284265518,0.6710630655288696,0.4002552926540375,0.6394248604774475,0.20409786701202393,0.3871629238128662,0.9152317643165588,0.3685753047466278,0.292178750038147,0.5524592995643616,0.4582688510417938,0.4599328637123108,0.570644199848175,0.11376357078552246,0.928555965423584,0.8625062108039856,0.5819020867347717,0.0894961804151535,0.9957612156867981,0.35970720648765564,0.1296672224998474,0.2350941002368927]",5seYXqVKxqtRAYIdbkS3dSpKSx9IR5
441700432288681591,"[0.8892408013343811,0.6353748440742493,0.43508437275886536,0.966083288192749,0.5624326467514038,0.3689230978488922,0.37400656938552856,0.3351804316043854,0.08527685701847076,0.44928792119026184,0.9359567761421204,0.6521632671356201,0.7713591456413269,0.8600521683692932,0.27746179699897766,0.3740975558757782,0.6331740021705627,0.6540868878364563,0.25991323590278625,0.06947576254606247,0.6678363084793091,0.6263858079910278,0.3058200180530548,0.9797512292861938,0.8392130732536316]",TIUiAn42Pu7OvEYx7cJUHOUDHct4zy
441700432288681592,"[0.5748246312141418,0.15042750537395477,0.39588627219200134,0.523124098777771,0.968346118927002,0.014917426742613316,0.4067644476890564,0.9970375895500183,0.5306649208068848,0.40529024600982666,0.4960475564002991,0.23354710638523102,0.6369516849517822,0.9624423384666443,0.6321418285369873,0.8696306347846985,0.10326628386974335,0.5522946715354919,0.2557820975780487,0.4887567460536957,0.728403627872467,0.07103285938501358,0.33533740043640137,0.3386183977127075,0.6098574995994568]",CxMjqMaUsWQMVJu4PeE19rYZHE5zit
441700432288681593,"[0.5110140442848206,0.27606481313705444,0.7858144044876099,0.06231015920639038,0.4295593202114105,0.19022874534130096,0.40851274132728577,0.02101997844874859,0.5264911651611328,0.7768742442131042,0.5999104976654053,0.00392500963062048,0.18303021788597107,0.8828027248382568,0.3042284846305847,0.11417552083730698,0.5938942432403564,0.1281319409608841,0.6963754892349243,0.24338467419147491,0.27218756079673767,0.10334865748882294,0.10973194241523743,0.30122533440589905,0.7144961357116699]",QtnRKzFW0kWVyDB5WIoEIVcAmwMwdH
441700432288681594,"[0.37524592876434326,0.9417616724967957,0.2974439561367035,0.3583105802536011,0.14906540513038635,0.4641629457473755,0.5478227138519287,0.025467513129115105,0.40041422843933105,0.2814805805683136,0.4609512388706207,0.7664041519165039,0.9846157431602478,0.6529256701469421,0.7817427515983582,0.5579420328140259,0.2479507327079773,0.869147002696991,0.7731555700302124,0.01923288404941559,0.5104653239250183,0.363908976316452,0.2187546342611313,0.20314018428325653,0.8885543346405029]",Z63TRRGbfYlvOPK7iYmuBrFseCqmB6
441700432288681595,"[0.6266546845436096,0.09445349127054214,0.613465428352356,0.4026484489440918,0.16666565835475922,0.645073652267456,0.39901745319366455,0.6494042277336121,0.9817272424697876,0.47934702038764954,0.010968150570988655,0.26598265767097473,0.2804415225982666,0.6305057406425476,0.45901578664779663,0.677180826663971,0.24055753648281097,0.541581392288208,0.8213986754417419,0.4077315628528595,0.623907208442688,0.5661956667900085,0.30180612206459045,0.34160977602005005,0.06080223247408867]",O9fsE7HcQS8dk096TuzFSWh1VG1y63
441700432288681596,"[0.20238544046878815,0.27786797285079956,0.9305804371833801,0.279990553855896,0.0887044370174408,0.3651183843612671,0.20549970865249634,0.37952569127082825,0.6982112526893616,0.11286447197198868,0.06980761885643005,0.22724226117134094,0.13722968101501465,0.9049901962280273,0.41287848353385925,0.6203752756118774,0.16980956494808197,0.6294082403182983,0.0718284398317337,0.6030853986740112,0.9457213282585144,0.9609518647193909,0.9595299959182739,0.16784264147281647,0.5095341801643372]",PEsOaMbDM1Z4AoAU3ElXZVJ0nvZLUp
441700432288681597,"[0.8178147077560425,0.6718333959579468,0.28630176186561584,0.9273397922515869,0.26094937324523926,0.9711934924125671,0.3309292793273926,0.2903019189834595,0.6689631342887878,0.6734632849693298,0.8005410432815552,0.16552308201789856,0.6975981593132019,0.031975097954273224,0.5200068950653076,0.6914705038070679,0.033690694719552994,0.5393364429473877,0.573487401008606,0.865869402885437,0.8836206793785095,0.2508818507194519,0.4064842164516449,0.23027397692203522,0.9020474553108215]",OV13BWnMv5uOap0sJF1WpbAPO9w9iT
441700432288681598,"[0.039438698440790176,0.14443522691726685,0.21688009798526764,0.3794122338294983,0.29545044898986816,0.010812539607286453,0.9800557494163513,0.5857412219047546,0.19393949210643768,0.4829401671886444,0.4036227762699127,0.5896143317222595,0.37507182359695435,0.6276292204856873,0.06491384655237198,0.7929416298866272,0.2905084490776062,0.8336753249168396,0.7785863280296326,0.28966715931892395,0.48648762702941895,0.13939298689365387,0.6021931171417236,0.379157155752182,0.3229798972606659]",EWaKx7CllWIUvXWSwWXLyC3AWXa0nk
441700432288681599,"[0.6289011836051941,0.1725534349679947,0.20571216940879822,0.8316744565963745,0.7446280121803284,0.24383644759655,0.6841069459915161,0.5605980157852173,0.6374762654304504,0.06828513741493225,0.09425612539052963,0.9201273918151855,0.14243482053279877,0.1716611236333847,0.983444094657898,0.9922462701797485,0.3909747004508972,0.5286173820495605,0.5718932747840881,0.4838027358055115,0.11976706236600876,0.09191565960645676,0.37205174565315247,0.7465285062789917,0.3342021405696869]",oeB34AbmmUMXvwoxTS7T8GI8fDNEkA
441700432288681600,"[0.13007184863090515,0.628986656665802,0.3284110724925995,0.7847790718078613,0.38678598403930664,0.3531339168548584,0.2888783812522888,0.13160660862922668,0.34575822949409485,0.5430958271026611,0.319892942905426,0.36799830198287964,0.4630398154258728,0.26975780725479126,0.06542064249515533,0.6271954774856567,0.887208878993988,0.8740387558937073,0.6361622214317322,0.785457193851471,0.9327828288078308,0.3084692358970642,0.47440943121910095,0.20203423500061035,0.43370750546455383]",7t5butMzZmaKGsafwOHL7wAPAh5Hmf
441700432288681601,"[0.9336400032043457,0.5873684883117676,0.8570933938026428,0.589155912399292,0.505975604057312,0.6755407452583313,0.6235279440879822,0.21065914630889893,0.4799146354198456,0.6265780925750732,0.8175902366638184,0.24288859963417053,0.8929694890975952,0.49088987708091736,0.021526409313082695,0.23704305291175842,0.16954196989536285,0.577636182308197,0.2646443843841553,0.6849796175956726,0.056994304060935974,0.20584066212177277,0.4151066839694977,0.3636053800582886,0.5991103053092957]",lOqRl1yjTmRKT6iY2CBvmHfSas6crZ
441700432288681602,"[0.34204453229904175,0.8510544300079346,0.8422693610191345,0.6058095097541809,0.5604991912841797,0.33460190892219543,0.12914621829986572,0.34354475140571594,0.8814266324043274,0.3997853696346283,0.2894692122936249,0.7559815645217896,0.9503129124641418,0.18735052645206451,0.284187376499176,0.7251667976379395,0.9652520418167114,0.952746570110321,0.9647287130355835,0.3958410620689392,0.9522208571434021,0.15433785319328308,0.9906895160675049,0.339169442653656,0.3148231506347656]",2uUae6ZaHNKQji4giqARNv6MB2lfnZ
441700432288681603,"[0.4582119882106781,0.24873830378055573,0.7394322156906128,0.6362218856811523,0.035890232771635056,0.7378634214401245,0.9599336385726929,0.045231230556964874,0.3833461403846741,0.8859149813652039,0.4432138204574585,0.08948010206222534,0.982768714427948,0.44368070363998413,0.7040467262268066,0.42858263850212097,0.8091481924057007,0.7121627330780029,0.37890732288360596,0.25313884019851685,0.6953324675559998,0.7878838777542114,0.6507835388183594,0.639399528503418,0.8418604135513306]",BSgd9wAQxQezkYIY1JwnKfuSTEgxP4
441700432288681604,"[0.038322530686855316,0.737806499004364,0.14837975800037384,0.1536688506603241,0.781604528427124,0.9779428243637085,0.06146267056465149,0.014695997349917889,0.8313038349151611,0.5035943388938904,0.9111505150794983,0.6689575910568237,0.6309686899185181,0.42965251207351685,0.07324598729610443,0.12849101424217224,0.5994374752044678,0.5788954496383667,0.1428394466638565,0.21588164567947388,0.5904601216316223,0.18944092094898224,0.8507086634635925,0.8937537670135498,0.4396572411060333]",iFuDgx8k2vWqJhcPWTj8fPjhuZK6Dm
441700432288681605,"[0.9866872429847717,0.2751857340335846,0.2701859474182129,0.536160409450531,0.256570041179657,0.7251905798912048,0.6589391827583313,0.05437411367893219,0.777014434337616,0.15008173882961273,0.990222692489624,0.28278714418411255,0.9604362845420837,0.6918277740478516,0.8570325970649719,0.18777184188365936,0.7851836681365967,0.1319870799779892,0.7449812293052673,0.38880455493927,0.28890496492385864,0.3179536461830139,0.8655625581741333,0.9270092844963074,0.40970298647880554]",X1uhbJ1WEpRYO564j9S9Lb1SnZrauF
441700432288681606,"[0.2814905047416687,0.5028728246688843,0.20716464519500732,0.9416077733039856,0.20049428939819336,0.3029906153678894,0.5571279525756836,0.40933868288993835,0.34535178542137146,0.4972943365573883,0.09156229346990585,0.828877866268158,0.5852102637290955,0.4320186674594879,0.029331324622035027,0.4267841577529907,0.2126578539609909,0.19163601100444794,0.20415034890174866,0.16726256906986237,0.5615984797477722,0.43200692534446716,0.993323564529419,0.895948588848114,0.9610013961791992]",btPQJmItecJogu3XzSIUZ3nUyEkYTl
441700432288681607,"[0.45527026057243347,0.9251525402069092,0.5063505172729492,0.6341052055358887,0.735706627368927,0.31052544713020325,0.08147095143795013,0.35937798023223877,0.2718712091445923,0.3350328505039215,0.9160312414169312,0.7438546419143677,0.7140027284622192,0.6637796759605408,0.4419921040534973,0.025351032614707947,0.10579317063093185,0.09573483467102051,0.940366268157959,0.30411919951438904,0.34477078914642334,0.708518922328949,0.5585014224052429,0.8761746883392334,0.10070138424634933]",9uqD34Bi7tnGJ35LgQ1XAqYpeL2EqK
441700432288681608,"[0.6090905666351318,0.63429856300354,0.9286888837814331,0.5974388122558594,0.4328197240829468,0.9166747331619263,0.3671827018260956,0.2476477026939392,0.6220285892486572,0.38010117411613464,0.027678366750478745,0.4327763319015503,0.0007495181052945554,0.9473093152046204,0.053160786628723145,0.5704030394554138,0.6109757423400879,0.2981325685977936,0.2530149817466736,0.22715571522712708,0.048614319413900375,0.5670623183250427,0.6508840322494507,0.34545034170150757,0.3935524821281433]",deyftgv2sgcSFTiwkFiJQJpjVntK6c
441700432288681609,"[0.9682008624076843,0.28026697039604187,0.5266145467758179,0.006779641378670931,0.9364443421363831,0.9842648506164551,0.20626403391361237,0.4260762631893158,0.8321723341941833,0.894454300403595,0.7785059213638306,0.046365637332201004,0.1446661800146103,0.46856167912483215,0.7779781222343445,0.4958660304546356,0.6242042779922485,0.5151433348655701,0.9189649820327759,0.06011669710278511,0.5040730834007263,0.9581142067909241,0.058441098779439926,0.27861401438713074,0.8865208029747009]",EseXN6MWYU0UiN4SudXfMxb8ZW6xpL
441700432288681610,"[0.8047669529914856,0.6022393107414246,0.4542072117328644,0.07331192493438721,0.6488549709320068,0.33114302158355713,0.7043510675430298,0.31490692496299744,0.1308402717113495,0.9311960339546204,0.47498437762260437,0.9570128321647644,0.5947889089584351,0.612236738204956,0.10737432539463043,0.6155836582183838,0.5184552669525146,0.9374951124191284,0.6528557538986206,0.7386728525161743,0.24350406229496002,0.03507465496659279,0.21176934242248535,0.44840267300605774,0.455002099275589]",OKPdcxbPxrjLMDbZysnHPdXFPDJIYK
441700432288681611,"[0.7076033353805542,0.5433084964752197,0.5250433087348938,0.4386506676673889,0.5739850401878357,0.2793678939342499,0.07791027426719666,0.5232580900192261,0.5090529918670654,0.9637155532836914,0.5158798694610596,0.23010972142219543,0.5168406963348389,0.6139200925827026,0.02282058261334896,0.36324188113212585,0.8966647982597351,0.9831079840660095,0.5242399573326111,0.21167686581611633,0.18202264606952667,0.4455483555793762,0.9348700642585754,0.3093005120754242,0.17989617586135864]",UENNAvxii3xUhSZrmCgEBZJ73AKOOY
441700432288681612,"[0.6461366415023804,0.7781155109405518,0.4478224515914917,0.8086169362068176,0.2014581561088562,0.05645906180143356,0.2374497652053833,0.6432605385780334,0.8963747620582581,0.2909630537033081,0.1262306571006775,0.3314955532550812,0.6552734375,0.179671511054039,0.552056074142456,0.22150392830371857,0.49486562609672546,0.40748193860054016,0.6695557236671448,0.6405588984489441,0.9821386337280273,0.2653144598007202,0.8788651823997498,0.5398005247116089,0.7803292274475098]",eteTAatpKUwtmLNCCWp4cnwoXMgF8S
441700432288681613,"[0.12604589760303497,0.585392951965332,0.558670163154602,0.548801600933075,0.3462928831577301,0.5862964987754822,0.4184577167034149,0.6853774189949036,0.2870092988014221,0.387634813785553,0.8039315938949585,0.458472341299057,0.4895152747631073,0.7137244343757629,0.4919935166835785,0.5987560153007507,0.8111845254898071,0.46941938996315,0.18433471024036407,0.023391524329781532,0.6909448504447937,0.7206336259841919,0.2599445879459381,0.1032392829656601,0.11298897862434387]",myvvEZfxZDMdnDeAmUYdkJ1eF7S7pb
441700432288681614,"[0.43044671416282654,0.901241660118103,0.23305222392082214,0.8439112901687622,0.23795925080776215,0.7369740605354309,0.2752096354961395,0.3304804265499115,0.5321095585823059,0.0510997548699379,0.6170697212219238,0.30154988169670105,0.4873015582561493,0.6283921599388123,0.5646827816963196,0.17616571485996246,0.45246991515159607,0.549697995185852,0.8708014488220215,0.707209587097168,0.719994306564331,0.9719581604003906,0.6774756908416748,0.3670318126678467,0.2911634147167206]",k2tsNV1614YMUI9SjXUKg9VxkUjahY
441700432288681615,"[0.05315040051937103,0.638910174369812,0.6852467060089111,0.2524851858615875,0.0232077743858099,0.8040651679039001,0.3434988856315613,0.8066651225090027,0.864603579044342,0.8394098281860352,0.8338342905044556,0.8899831771850586,0.4340957701206207,0.8921836018562317,0.028708284720778465,0.3857155442237854,0.8297496438026428,0.22925931215286255,0.4292237162590027,0.5211241245269775,0.2878069579601288,0.8936378955841064,0.3752499520778656,0.1680416613817215,0.3411167860031128]",0zFE8TJ6kuGHsb5bc8V4p6WcvZQPgT
441700432288681616,"[0.4370215833187103,0.41909125447273254,0.937674880027771,0.6962733268737793,0.2680703401565552,0.3847460150718689,0.2870672345161438,0.14290308952331543,0.39102792739868164,0.5445538759231567,0.05443285405635834,0.26289495825767517,0.8455098271369934,0.9620698094367981,0.24712873995304108,0.2655177712440491,0.8356826901435852,0.37911486625671387,0.5604699850082397,0.9804426431655884,0.8471420407295227,0.773931622505188,0.35549381375312805,0.9259414076805115,0.43357333540916443]",pyRATaBzFmEVeH4ip9ZvRjZuLZg35p
441700432288681617,"[0.49695494771003723,0.6368865370750427,0.6963463425636292,0.7582974433898926,0.45695093274116516,0.6560518741607666,0.5091709494590759,0.6089780926704407,0.7976415157318115,0.5679483413696289,0.7617263197898865,0.527511477470398,0.3653460741043091,0.8490874767303467,0.6414834260940552,0.9418086409568787,0.15592104196548462,0.38424691557884216,0.2512627840042114,0.9586222171783447,0.8942996859550476,0.9854949712753296,0.45868903398513794,0.002869670046493411,0.268853098154068]",HbtIDbhPLt9xRe1enbeDALFhfmChqg
441700432288681618,"[0.9226031303405762,0.07251220941543579,0.9972199201583862,0.7147365212440491,0.6611878871917725,0.38551896810531616,0.9586185216903687,0.9202548861503601,0.3809313178062439,0.9587764143943787,0.9558321833610535,0.20376339554786682,0.5751718878746033,0.8212464451789856,0.2253086119890213,0.8375453948974609,0.5262959599494934,0.4423206150531769,0.47217637300491333,0.6428967118263245,0.3708801865577698,0.9085695743560791,0.10437103360891342,0.49770933389663696,0.6759843826293945]",h04F4olYqJh2eGRJbnYsERcrj5mnS4
441700432288681619,"[0.032113391906023026,0.8916193246841431,0.18592533469200134,0.9148231744766235,0.7925314903259277,0.9786385297775269,0.36078017950057983,0.6057707071304321,0.15341709554195404,0.3665202856063843,0.48028743267059326,0.7823286056518555,0.8689770102500916,0.7084775567054749,0.5891637802124023,0.8844711780548096,0.15836183726787567,0.9029068946838379,0.2257986068725586,0.5398326516151428,0.20613771677017212,0.08104535192251205,0.1021573469042778,0.013263240456581116,0.37595134973526]",UkGBY4F4rQn7tDJqLW52wgrMrDoEdk
441700432288681620,"[0.38688045740127563,0.5751743912696838,0.42231255769729614,0.8767921924591064,0.2733817994594574,0.9056803584098816,0.013571457006037235,0.2237839549779892,0.9440314769744873,0.13530538976192474,0.7463403344154358,0.8791924118995667,0.8649476170539856,0.9972188472747803,0.8707143068313599,0.5065597891807556,0.8869863152503967,0.36323097348213196,0.5572742223739624,0.050565823912620544,0.9168696999549866,0.7095707058906555,0.43846288323402405,0.9706932306289673,0.6725014448165894]",1b5qyRMmxsMhqBhNh5IFpMYP6xTikB
441700432288681621,"[0.9947142004966736,0.6677600741386414,0.475165992975235,0.6047534346580505,0.7833847999572754,0.13005393743515015,0.5592774748802185,0.466571182012558,0.5885818600654602,0.9930319786071777,0.7000802755355835,0.6349302530288696,0.10934234410524368,0.1346324235200882,0.07623972743749619,0.7955740690231323,0.5589857697486877,0.43697455525398254,0.6485165953636169,0.2714610695838928,0.9179912805557251,0.01918836496770382,0.4322715401649475,0.7168252468109131,0.7613328695297241]",AHuQZKZumwTM75BDfea6vAtc1t1QcK
441700432288681622,"[0.8124141097068787,0.8864662647247314,0.3136534094810486,0.0010201572440564632,0.5446217060089111,0.6671147346496582,0.08367123454809189,0.0827680453658104,0.45804089307785034,0.7661598324775696,0.02458294853568077,0.4735667407512665,0.8624672293663025,0.16158300638198853,0.8681100606918335,0.2878306806087494,0.14608094096183777,0.22775928676128387,0.0425349585711956,0.4440925419330597,0.6712027788162231,0.6659790873527527,0.8191137313842773,0.9209298491477966,0.6997546553611755]",yzcabMyIBm7LYauIVAB8tiiLk8FWmO
441700432288681623,"[0.3166464567184448,0.05228571966290474,0.25737249851226807,0.38006964325904846,0.8155443668365479,0.8895899653434753,0.8455513715744019,0.8913174867630005,0.6931938529014587,0.7105875015258789,0.9350063800811768,0.3910391628742218,0.9462966322898865,0.5441303253173828,0.46685028076171875,0.6193873286247253,0.9682703018188477,0.632175087928772,0.6283090114593506,0.8871519565582275,0.8542166352272034,0.8693332672119141,0.41039568185806274,0.8029096722602844,0.7086440324783325]",P3Clm1wOwF4THw9QPe86e05Qzcn5Fr
441700432288681624,"[0.2740936279296875,0.4486313462257385,0.17643238604068756,0.9249895811080933,0.3469181954860687,0.7691722512245178,0.4646944999694824,0.19648593664169312,0.32678401470184326,0.6271651983261108,0.0731046050786972,0.4485566318035126,0.5207213163375854,0.553538978099823,0.33531609177589417,0.5821266770362854,0.7758197784423828,0.9558067917823792,0.9518828392028809,0.021278144791722298,0.07640288770198822,0.8536877632141113,0.09972677379846573,0.032591674476861954,0.6403935551643372]",gEEk2L6K3SKmJJGXKXiFQ0LR9TwJy5
441700432288681625,"[0.7855440378189087,0.7056137919425964,0.10742716491222382,0.28191137313842773,0.3155924081802368,0.33485034108161926,0.9196206331253052,0.008072583004832268,0.4041503071784973,0.6036518812179565,0.4016236662864685,0.9224272966384888,0.006882061716169119,0.24786271154880524,0.7524752616882324,0.6141093373298645,0.6440697908401489,0.13909734785556793,0.10482640564441681,0.08922495692968369,0.841133713722229,0.966235876083374,0.9002346992492676,0.7069070935249329,0.043463628739118576]",4do7Saegx2XjeDm9xHi94Ff6leXZRb
441700432288681626,"[0.9087232351303101,0.4887223243713379,0.3508230149745941,0.9002083539962769,0.8896048665046692,0.9234997034072876,0.03651559725403786,0.8328771591186523,0.8115289211273193,0.05959035083651543,0.7244749665260315,0.23275059461593628,0.7331467866897583,0.25717398524284363,0.2885969579219818,0.744575560092926,0.3170630633831024,0.8063232898712158,0.7453300952911377,0.24303558468818665,0.0801897719502449,0.953032374382019,0.9222972393035889,0.4108433127403259,0.9716423153877258]",y34jTNfDiWZxylpDqIjiX9DVz2IVAc
441700432288681627,"[0.04570227488875389,0.01861458830535412,0.9193967580795288,0.3114820420742035,0.812202513217926,0.2314598262310028,0.25408729910850525,0.09414748847484589,0.5964889526367188,0.9348419308662415,0.5700403451919556,0.5070512294769287,0.6029792428016663,0.9572482109069824,0.9015361666679382,0.27593567967414856,0.5986015796661377,0.061081625521183014,0.06276065111160278,0.4822677969932556,0.1385912001132965,0.37863877415657043,0.26778554916381836,0.8868507146835327,0.8992312550544739]",PIy6FEAHqlZ8cjbc8GSFE6gXp6zSAF
441700432288681628,"[0.7429559826850891,0.8665156960487366,0.13243642449378967,0.19432684779167175,0.5877630114555359,0.030202582478523254,0.012324043549597263,0.12298358976840973,0.5809054970741272,0.8109087347984314,0.28011393547058105,0.053849998861551285,0.7305237054824829,0.5099416971206665,0.8781527280807495,0.2811814844608307,0.7656721472740173,0.37249526381492615,0.8272952437400818,0.1710161715745926,0.03452669829130173,0.8120782375335693,0.5316202044487,0.6845638751983643,0.738325297832489]",CuqDrelG3S4u3JtnDvtHPfi7Hlx3m4
